title,description
task1,task desc 1
task2,task desc 2
task3,task desc 3
task4,task desc 4
task5,task desc 5
task6,task desc 6
task7,task desc 7
task8,task desc 8
task9,task desc 9
task10,task desc 10
task11,task desc 11
task12,task desc 12
task13,task desc 13
task14,task desc 14
task15,task desc 15
task16,task desc 16
task17,task desc 17
task18,task desc 18
task19,task desc 19
task20,task desc 20
task21,task desc 21
task22,task desc 22
task23,task desc 23
task24,task desc 24
task25,task desc 25
task26,task desc 26
task27,task desc 27
task28,task desc 28
task29,task desc 29
task30,task desc 30
task31,task desc 31
task32,task desc 32
task33,task desc 33
task34,task desc 34
task35,task desc 35
task36,task desc 36
task37,task desc 37
task38,task desc 38
task39,task desc 39
task40,task desc 40
task41,task desc 41
task42,task desc 42
task43,task desc 43
task44,task desc 44
task45,task desc 45
task46,task desc 46
task47,task desc 47
task48,task desc 48
task49,task desc 49
task50,task desc 50
task51,task desc 51
task52,task desc 52
task53,task desc 53
task54,task desc 54
task55,task desc 55
task56,task desc 56
task57,task desc 57
task58,task desc 58
task59,task desc 59
task60,task desc 60
task61,task desc 61
task62,task desc 62
task63,task desc 63
task64,task desc 64
task65,task desc 65
task66,task desc 66
task67,task desc 67
task68,task desc 68
task69,task desc 69
task70,task desc 70
task71,task desc 71
task72,task desc 72
task73,task desc 73
task74,task desc 74
task75,task desc 75
task76,task desc 76
task77,task desc 77
task78,task desc 78
task79,task desc 79
task80,task desc 80
task81,task desc 81
task82,task desc 82
task83,task desc 83
task84,task desc 84
task85,task desc 85
task86,task desc 86
task87,task desc 87
task88,task desc 88
task89,task desc 89
task90,task desc 90
task91,task desc 91
task92,task desc 92
task93,task desc 93
task94,task desc 94
task95,task desc 95
task96,task desc 96
task97,task desc 97
task98,task desc 98
task99,task desc 99
task100,task desc 100
